config,image,keyIdx,entropy,rH,rV,rD,r_avg,npcr,uaci
FullHierarchy,Bell_pepper_512,1,7.999297199739348,0.020299602428913818,0.005967013162895209,-0.006305128862947328,0.010857248151585452,99.59576924641927,33.486209944182754
FullHierarchy,Bell_pepper_512,2,7.999238969462563,0.00038151946079270985,0.008859942512291429,-0.012688423355335128,0.007309961776139756,99.60619608561198,33.457411223766854
FullHierarchy,Bell_pepper_512,3,7.999290919467977,-0.0023062383574365204,-0.004354082644390317,-0.0012684401115685116,0.0026429203711317833,99.61153666178386,33.465100955339814
FullHierarchy,Bell_pepper_512,4,7.999208291330043,0.005301017065394979,-0.006357127838350109,0.006893449290573987,0.006183864731439692,99.60784912109375,33.45623988731234
FullHierarchy,Bell_pepper_512,5,7.999248656351128,-0.004318432876487706,-0.0022266821737228428,-0.011224592289960278,0.005923235780056942,99.60962931315105,33.44012690525429
FullHierarchy,Bell_pepper_512,6,7.9992937048108255,-0.004774483225249246,0.009214309199528571,0.0016031517064480575,0.005197314710408625,99.61751302083333,33.45929713031045
FullHierarchy,Bell_pepper_512,7,7.999263783828734,-0.005524305381620316,0.00041392555964078786,0.008041190175276726,0.004659807038845943,99.6063232421875,33.45655802807777
FullHierarchy,Bell_pepper_512,8,7.999349765224127,-0.005973952626435546,0.001992338256981692,0.0021975350470143534,0.0033879419768105302,99.61229960123698,33.48141240138633
FullHierarchy,Bell_pepper_512,9,7.999241983023144,0.00375122389082645,-0.005692522524557827,-0.0020814255769152122,0.0038417239974331634,99.60721333821614,33.44900592479831
FullHierarchy,Bell_pepper_512,10,7.99927682536141,-0.005539262663104027,0.0023790601589646554,0.011422935419720073,0.006447086080596252,99.60873921712239,33.427978216433054
FullHierarchy,Bird_512,1,7.999301658232246,0.004451532427295486,0.009615354859021505,0.001508703860365712,0.005191863715560901,99.6050516764323,33.46579707525914
FullHierarchy,Bird_512,2,7.999271893050353,-0.000565019439770793,0.0023351532814350237,0.004789807132038622,0.0025633266177481464,99.60962931315105,33.43673207401451
FullHierarchy,Bird_512,3,7.999276081834778,0.0010084630701133388,0.0009602303446754043,0.011081388957884677,0.004350027457557807,99.609375,33.4533611621732
FullHierarchy,Bird_512,4,7.999302546445198,0.005246808107644183,-0.006268326962630022,-0.004175352986672324,0.005230162685648843,99.60441589355469,33.474562401865036
FullHierarchy,Bird_512,5,7.999257338298874,-0.0007160811368249202,0.0060323309331224775,0.0009466923353543567,0.0025650348017672514,99.61128234863281,33.457659054425804
FullHierarchy,Bird_512,6,7.9993296775601905,-0.00359624541465649,0.014472660686128265,-0.006229696582609916,0.008099534227798223,99.62183634440105,33.53108574362363
FullHierarchy,Bird_512,7,7.999279186421887,-0.001902595626355064,0.0033691303453136667,-0.003875593785350627,0.003049106585673119,99.60594177246094,33.40401244319342
FullHierarchy,Bird_512,8,7.9993176725263595,0.004955579783559885,0.004868237669899273,-0.00013117858110437992,0.0033183320115211788,99.60734049479167,33.45743715373519
FullHierarchy,Bird_512,9,7.99926342015608,0.0033167878993946285,0.005001962114453948,0.0014619693876770194,0.003260239800508532,99.60975646972656,33.47671359193092
FullHierarchy,Bird_512,10,7.999294517135469,-0.0031207158124486605,0.009366893366700036,0.0023577863723797253,0.004948465183842807,99.6228535970052,33.472676495321444
FullHierarchy,Mountain_512,1,7.999274289667255,-0.01204179407902855,-0.00020951881475897842,-0.003001865253906201,0.00508439271589791,99.61191813151042,33.366449892131335
FullHierarchy,Mountain_512,2,7.9993213654748,0.009960212428254274,-0.009755754538086123,0.005286032272624499,0.008333999746321633,99.60823059082031,33.4851862090865
FullHierarchy,Mountain_512,3,7.999260282612138,-0.009345522981036183,-0.0029666421565909926,-0.0008292845837582375,0.004380483240461804,99.61039225260417,33.44706466774535
FullHierarchy,Mountain_512,4,7.999265114732246,0.0015405690472855536,-0.00027719931799395175,-0.007130423487480318,0.0029827306175866076,99.60301717122395,33.39084400850184
FullHierarchy,Mountain_512,5,7.999241628920589,-0.010077853846975526,-0.007465581899951606,0.013333982358786875,0.010292472701904668,99.6203104654948,33.47340851827385
FullHierarchy,Mountain_512,6,7.999298038356038,0.000674215911098388,0.010443524383429832,0.012979026555628005,0.008032255616718742,99.60962931315105,33.44616459865196
FullHierarchy,Mountain_512,7,7.999247834226995,-0.010737920191314329,-0.014497978013945511,-0.011091315160385098,0.012109071121881648,99.60085550944011,33.51467955346201
FullHierarchy,Mountain_512,8,7.9992707517245805,0.0018537563202767782,-0.0027082083729645366,0.003942791347185287,0.0028349186801422004,99.6063232421875,33.422878489774824
FullHierarchy,Mountain_512,9,7.999278336279018,-0.003538561103920507,0.005150753665941726,0.008892643204092087,0.005860652657984774,99.61280822753906,33.53489744896982
FullHierarchy,Mountain_512,10,7.999284801154921,0.0017054175786553223,-0.002691313587266722,0.006664172670403634,0.003686967945441893,99.61433410644531,33.443000145207826
PixelOnly,Bell_pepper_512,1,7.999306264326376,0.0030909306199369533,0.0024623653200005987,-0.005809946554930779,0.0037877474982894437,99.60212707519531,33.442687489628014
PixelOnly,Bell_pepper_512,2,7.99929161666184,-0.006464241374707872,0.0036256332683752175,0.007102624608984545,0.005730833084022544,99.60009256998698,33.473874260397515
PixelOnly,Bell_pepper_512,3,7.99932906499367,0.007588575751297869,0.004391471162659404,-0.00380855767008648,0.005262868194681251,99.59780375162761,33.437478557910794
PixelOnly,Bell_pepper_512,4,7.999274846960212,0.0016484390749148157,-0.0066664628377984024,0.0007842005953619443,0.0030330341693583875,99.60797627766927,33.46372317644506
PixelOnly,Bell_pepper_512,5,7.999333211167122,0.004963675969632596,0.00022887568858011298,-0.004394306136784185,0.0031956192649989653,99.60734049479167,33.41730304792815
PixelOnly,Bell_pepper_512,6,7.999291550154126,-0.003086173049792463,0.00260515823003517,-0.0012935338387406903,0.0023282883728561075,99.60645039876302,33.45737930995966
PixelOnly,Bell_pepper_512,7,7.999312079297827,-0.0030456448239170562,0.007271501764387736,0.013216552271353356,0.007844566286552716,99.61395263671875,33.4812169293173
PixelOnly,Bell_pepper_512,8,7.999342399949893,-0.012520488846248658,0.0034148330122073835,-0.0028576419429995393,0.00626432126715186,99.59526062011719,33.47315919165518
PixelOnly,Bell_pepper_512,9,7.999299670684838,0.0029414281936338007,0.0062528356445547386,-0.006292694114850541,0.005162319317679694,99.60352579752605,33.48038816763685
PixelOnly,Bell_pepper_512,10,7.999291323966733,0.0029969356239955224,-0.008728230572202808,-0.001206253179243601,0.0043104731251473105,99.61268107096355,33.4506205639808
PixelOnly,Bird_512,1,7.999284413085654,-0.005767082404043249,-0.0031350529959869593,-0.0016890251325852694,0.0035303868442051593,99.60034688313802,33.45299365473729
PixelOnly,Bird_512,2,7.999240815990902,-0.006724121861471491,0.0003148679276223764,0.008468505727115926,0.005169165172069931,99.61013793945312,33.480866874744684
PixelOnly,Bird_512,3,7.999263400328831,0.0015986675663667805,0.0039313939840278,-0.00030652195965758406,0.001945527836684055,99.61166381835938,33.4666512682547
PixelOnly,Bird_512,4,7.999359904784872,-0.008345417053994069,0.012723673503672492,0.0063467267008581645,0.009138605752841575,99.61026509602864,33.459546456929125
PixelOnly,Bird_512,5,7.999350543047497,-0.0029102370103519597,0.004109804817870455,0.006442302161569081,0.004487447996597165,99.61039225260417,33.47715240677977
PixelOnly,Bird_512,6,7.999283357633718,-0.004049510458372321,-0.0047870218622014914,0.003365488346967264,0.0040673402225136915,99.5989481608073,33.43036078160105
PixelOnly,Bird_512,7,7.999274978565232,-0.011060199906102844,-0.00594031291754888,-0.001128444170406307,0.006042985664686011,99.61573282877605,33.461392969866985
PixelOnly,Bird_512,8,7.999259592117739,-0.0018376416747604817,0.008910637196518722,0.0005715528306069565,0.003773277233962053,99.60683186848958,33.43769198149638
PixelOnly,Bird_512,9,7.999220558722751,-0.003510103709943956,0.003197585928020896,-0.0010899669585069135,0.002599218865490589,99.61471557617188,33.44346738329121
PixelOnly,Bird_512,10,7.999241784095705,0.006425772194008922,0.00543369559945031,0.0009142135988067113,0.004257893797421981,99.60670471191406,33.44669815761591
PixelOnly,Mountain_512,1,7.99921986110644,0.005034320251680325,-0.0020058622999823516,-0.007354826010433416,0.004798336187365364,99.61496988932292,33.48415449553844
PixelOnly,Mountain_512,2,7.999266730253255,-0.01074169556501906,-0.0028856893279998997,0.001987424009242378,0.005204936300753779,99.61280822753906,33.49468655056423
PixelOnly,Mountain_512,3,7.999198412516987,-0.010424566129127406,0.007454258893984549,0.005528146292476087,0.0078023237718626804,99.59882100423177,33.45037622389451
PixelOnly,Mountain_512,4,7.999209394703577,0.002182312104465206,0.001158193588937986,0.003822309341444004,0.002387605011615732,99.60581461588542,33.40832978292229
PixelOnly,Mountain_512,5,7.999305347938908,0.0035724903026868177,0.010502475886595461,-0.003501150879316689,0.005858705689532989,99.61280822753906,33.4997304280599
PixelOnly,Mountain_512,6,7.999285964265525,0.020967811468663094,0.0035128444340558336,0.0029823547895771723,0.009154336897432032,99.61013793945312,33.4316328460095
PixelOnly,Mountain_512,7,7.9993065349935195,0.002337175497392436,-0.009958832482441176,-0.0018923478630295703,0.0047294519476210614,99.60823059082031,33.45585841758579
PixelOnly,Mountain_512,8,7.999291837109465,0.005895176264837883,0.00580881759997534,0.010384837320136071,0.007362943728316432,99.58279927571614,33.462406233245254
PixelOnly,Mountain_512,9,7.999338767272875,-0.007058662882612185,0.0011625667795948321,-0.0016789542096382851,0.003300061290615101,99.60861206054688,33.483350167866625
PixelOnly,Mountain_512,10,7.999314579670851,-0.004702854692836719,0.00803741593167426,-0.0001784186834520174,0.004306229769320998,99.60797627766927,33.51165871215022
