image,run,encSec,decSec
Baboon.BMP,0,0.334678441,0.282846137
Baboon.BMP,1,0.290452837,0.309169773
Baboon.BMP,2,0.294499991,0.287882607
Baboon.BMP,3,0.289510086,0.293481779
Baboon.BMP,4,0.290089686,0.296490222
Baboon.BMP,5,0.290134874,0.295630643
Baboon.BMP,6,0.294395938,0.302795062
Baboon.BMP,7,0.291604307,0.286019876
Baboon.BMP,8,0.291964492,0.296493739
Baboon.BMP,9,0.287726089,0.306159694
Baboon.BMP,10,0.294605565,0.305762984
Baboon.BMP,11,0.296958427,0.311138941
Baboon.BMP,12,0.298306994,0.299269464
Baboon.BMP,13,0.291689546,0.290852364
Baboon.BMP,14,0.291637753,0.297591608
Baboon.BMP,15,0.296236314,0.302212259
Baboon.BMP,16,0.296040079,0.33563209
Baboon.BMP,17,0.34307739,0.303116575
Baboon.BMP,18,0.290958888,0.30951647
Baboon.BMP,19,0.295469181,0.294331837
Boats_512x512.bmp,0,0.292065895,0.288139533
Boats_512x512.bmp,1,0.288822353,0.287319552
Boats_512x512.bmp,2,0.283348426,0.2885194
Boats_512x512.bmp,3,0.284835886,0.284316783
Boats_512x512.bmp,4,0.284799698,0.286563788
Boats_512x512.bmp,5,0.285814739,0.290766204
Boats_512x512.bmp,6,0.286755133,0.29384224
Boats_512x512.bmp,7,0.302477289,0.311214559
Boats_512x512.bmp,8,0.297411436,0.300054603
Boats_512x512.bmp,9,0.292281358,0.2866843
Boats_512x512.bmp,10,0.296048531,0.288897844
Boats_512x512.bmp,11,0.281508419,0.297700445
Boats_512x512.bmp,12,0.295882645,0.301088085
Boats_512x512.bmp,13,0.294061408,0.305823851
Boats_512x512.bmp,14,0.292447247,0.324973491
Boats_512x512.bmp,15,0.294533225,0.302127781
Boats_512x512.bmp,16,0.291331361,0.292691816
Boats_512x512.bmp,17,0.291331645,0.296221709
Boats_512x512.bmp,18,0.28996842,0.291645365
Boats_512x512.bmp,19,0.289783112,0.291397129
airplane.bmp,0,0.281060499,0.285984171
airplane.bmp,1,0.288712954,0.294077619
airplane.bmp,2,0.290253386,0.314688227
airplane.bmp,3,0.296486067,0.307414132
airplane.bmp,4,0.296756474,0.298239158
airplane.bmp,5,0.290712153,0.302327742
airplane.bmp,6,0.30311001,0.299795328
airplane.bmp,7,0.317682517,0.294031546
airplane.bmp,8,0.290284338,0.296599848
airplane.bmp,9,0.288303492,0.297946172
airplane.bmp,10,0.289420825,0.293907727
airplane.bmp,11,0.289513223,0.29514851
airplane.bmp,12,0.287570043,0.347093848
airplane.bmp,13,0.300246956,0.307582686
airplane.bmp,14,0.295112199,0.295353534
airplane.bmp,15,0.302458817,0.293843417
airplane.bmp,16,0.293905462,0.304164308
airplane.bmp,17,0.294020798,0.291457584
airplane.bmp,18,0.29724375,0.297468165
airplane.bmp,19,0.291248958,0.300029491
barbara_512x512.bmp,0,0.288045539,0.28250535
barbara_512x512.bmp,1,0.29260813,0.296368744
barbara_512x512.bmp,2,0.295539432,0.311066163
barbara_512x512.bmp,3,0.291302579,0.295724169
barbara_512x512.bmp,4,0.291744427,0.293461287
barbara_512x512.bmp,5,0.298518802,0.291880864
barbara_512x512.bmp,6,0.291827777,0.304174086
barbara_512x512.bmp,7,0.315478163,0.291650386
barbara_512x512.bmp,8,0.293879003,0.302616418
barbara_512x512.bmp,9,0.287545314,0.315812937
barbara_512x512.bmp,10,0.296431326,0.30399123
barbara_512x512.bmp,11,0.299091853,0.301760052
barbara_512x512.bmp,12,0.301206623,0.312551035
barbara_512x512.bmp,13,0.292100363,0.292355798
barbara_512x512.bmp,14,0.298018385,0.292406478
barbara_512x512.bmp,15,0.287550468,0.299244703
barbara_512x512.bmp,16,0.299096295,0.304442955
barbara_512x512.bmp,17,0.310504245,0.302393985
barbara_512x512.bmp,18,0.298132345,0.296676803
barbara_512x512.bmp,19,0.294156329,0.298796631
house.bmp,0,0.294775909,0.295820062
house.bmp,1,0.299375783,0.293414534
house.bmp,2,0.290152564,0.304162097
house.bmp,3,0.290101896,0.295815086
house.bmp,4,0.286523763,0.290399477
house.bmp,5,0.288172203,0.301673066
house.bmp,6,0.284239185,0.294590525
house.bmp,7,0.296957294,0.295447597
house.bmp,8,0.292533366,0.296299227
house.bmp,9,0.293129325,0.292106146
house.bmp,10,0.286343694,0.298502793
house.bmp,11,0.324394412,0.304720447
house.bmp,12,0.304746144,0.304775648
house.bmp,13,0.292810754,0.300986237
house.bmp,14,0.299325302,0.310759871
house.bmp,15,0.29647045,0.307102299
house.bmp,16,0.294280609,0.294034706
house.bmp,17,0.301271939,0.326111216
house.bmp,18,0.291978066,0.293888621
house.bmp,19,0.289210118,0.29662913
lena.bmp,0,0.292435344,0.288566076
lena.bmp,1,0.291465649,0.30063263
lena.bmp,2,0.29562098,0.295682414
lena.bmp,3,0.281898284,0.288434133
lena.bmp,4,0.289627902,0.291001718
lena.bmp,5,0.301209246,0.292976263
lena.bmp,6,0.29440627,0.288201123
lena.bmp,7,0.287056133,0.290584661
lena.bmp,8,0.292980247,0.292197534
lena.bmp,9,0.286225693,0.29593757
lena.bmp,10,0.290016962,0.299119175
lena.bmp,11,0.298261283,0.289576487
lena.bmp,12,0.286984997,0.289812871
lena.bmp,13,0.289250194,0.306667115
lena.bmp,14,0.294465908,0.30340124
lena.bmp,15,0.290355215,0.296131754
lena.bmp,16,0.295202991,0.29808507
lena.bmp,17,0.296941312,0.293856695
lena.bmp,18,0.298799218,0.292658908
lena.bmp,19,0.292023258,0.306318553
monarch_512x512.bmp,0,0.293148347,0.305978806
monarch_512x512.bmp,1,0.287588151,0.288441255
monarch_512x512.bmp,2,0.290167422,0.293887859
monarch_512x512.bmp,3,0.294615889,0.303189517
monarch_512x512.bmp,4,0.305090068,0.300370267
monarch_512x512.bmp,5,0.300965565,0.295859109
monarch_512x512.bmp,6,0.2931893,0.302241319
monarch_512x512.bmp,7,0.30328573,0.303066047
monarch_512x512.bmp,8,0.297994132,0.31203401
monarch_512x512.bmp,9,0.297417662,0.310377407
monarch_512x512.bmp,10,0.29689623,0.299183833
monarch_512x512.bmp,11,0.292191951,0.297227039
monarch_512x512.bmp,12,0.289385359,0.303141463
monarch_512x512.bmp,13,0.295713592,0.291719748
monarch_512x512.bmp,14,0.287979109,0.289400321
monarch_512x512.bmp,15,0.288144742,0.297304791
monarch_512x512.bmp,16,0.288311407,0.29202479
monarch_512x512.bmp,17,0.289341934,0.299291943
monarch_512x512.bmp,18,0.290357538,0.299450812
monarch_512x512.bmp,19,0.304433746,0.296567684
pepper.bmp,0,0.315445881,0.30077561
pepper.bmp,1,0.298229564,0.305629993
pepper.bmp,2,0.305373431,0.308850448
pepper.bmp,3,0.301188194,0.305207857
pepper.bmp,4,0.297557707,0.307601962
pepper.bmp,5,0.296815545,0.306500104
pepper.bmp,6,0.301076194,0.30126401
pepper.bmp,7,0.296265356,0.358487403
pepper.bmp,8,0.302423563,0.312362715
pepper.bmp,9,0.301659176,0.311415433
pepper.bmp,10,0.307829721,0.301506425
pepper.bmp,11,0.31969021,0.305169208
pepper.bmp,12,0.292640907,0.314487191
pepper.bmp,13,0.296672711,0.294752192
pepper.bmp,14,0.295105092,0.316985553
pepper.bmp,15,0.313835045,0.304044874
pepper.bmp,16,0.292347642,0.297703963
pepper.bmp,17,0.293614019,0.308166322
pepper.bmp,18,0.29307047,0.305003057
pepper.bmp,19,0.296997239,0.308363682
sailboat.bmp,0,0.330932839,0.344240161
sailboat.bmp,1,0.339454968,0.3341677
sailboat.bmp,2,0.309641914,0.33766224
sailboat.bmp,3,0.339412089,0.314340684
sailboat.bmp,4,0.320349057,0.326194297
sailboat.bmp,5,0.315726247,0.326351987
sailboat.bmp,6,0.324952033,0.33972503
sailboat.bmp,7,0.334501092,0.340854548
sailboat.bmp,8,0.326687322,0.337794118
sailboat.bmp,9,0.33733047,0.317118866
sailboat.bmp,10,0.290027154,0.296658332
sailboat.bmp,11,0.287117463,0.298663411
sailboat.bmp,12,0.295553425,0.302074675
sailboat.bmp,13,0.297212461,0.303425012
sailboat.bmp,14,0.288489885,0.288404183
sailboat.bmp,15,0.291108535,0.290637532
sailboat.bmp,16,0.289513277,0.305357534
sailboat.bmp,17,0.292709392,0.297823494
sailboat.bmp,18,0.289343955,0.295401667
sailboat.bmp,19,0.289640821,0.312929802
tiffany.bmp,0,0.292018537,0.296329501
tiffany.bmp,1,0.29422869,0.294615649
tiffany.bmp,2,0.299223426,0.297050167
tiffany.bmp,3,0.303119992,0.307865194
tiffany.bmp,4,0.299150065,0.296272079
tiffany.bmp,5,0.298001875,0.296656483
tiffany.bmp,6,0.30068179,0.311827066
tiffany.bmp,7,0.296199659,0.295326733
tiffany.bmp,8,0.344936698,0.301161822
tiffany.bmp,9,0.291861338,0.303761252
tiffany.bmp,10,0.299164982,0.299060471
tiffany.bmp,11,0.295747822,0.294487705
tiffany.bmp,12,0.295286415,0.302976228
tiffany.bmp,13,0.295377471,0.290947311
tiffany.bmp,14,0.295074926,0.296027263
tiffany.bmp,15,0.291320525,0.298174651
tiffany.bmp,16,0.29531507,0.296096452
tiffany.bmp,17,0.295937491,0.291656543
tiffany.bmp,18,0.289348682,0.290970647
tiffany.bmp,19,0.285645501,0.285747609
