image,rd,keyIdx,encSec,entropy,rH,rV,rD,r_avg,npcr,uaci
Bird_512,1,1,0.124792014,7.999337961100369,0.004001788037099523,-0.004066498271572817,0.004593503951994198,0.004220596753555513,97.35883076985677,32.716722176745044
Bird_512,1,2,0.138988279,7.9992871269647985,-0.003001282874740377,-0.003129651671350791,0.007841202615825561,0.004657379053972243,98.53986104329427,33.08438469381893
Bird_512,1,3,0.14272435,7.999373394982238,0.00040571826110991316,-0.0009340150151800466,0.006449837328299671,0.0025965235348632105,63.92084757486979,21.452460195503985
Bird_512,1,4,0.120740499,7.999294018022499,-0.013395189904172567,0.002628243883742033,-0.005380529947755383,0.007134654578556661,90.07771809895833,30.232850118400226
Bird_512,1,5,0.122297092,7.999274348330567,-0.003268233729693195,-0.010212086362496866,0.0028152890813965335,0.0054318697245288655,51.65227254231771,17.38187104268791
Bird_512,1,6,0.136433459,7.999260125814196,0.011505515693407062,-0.006325780463344552,0.00786926833183463,0.008566854829528748,92.73885091145833,31.14945804371553
Bird_512,1,7,0.133581954,7.999259038784058,0.002613860930441547,-0.0021887375512892036,0.004701499496244912,0.0031680326593252206,12.619272867838541,4.226109623129851
Bird_512,1,8,0.125429131,7.999257666215384,-0.007120176374514204,0.010117431556373105,-0.007112659324403856,0.008116755751763722,32.28441874186198,10.854562996259702
Bird_512,1,9,0.132318902,7.999317609292585,0.003979164739885371,0.005290726813679009,-0.0017827672262587316,0.003684219593274371,33.29594930013021,11.194677913890166
Bird_512,1,10,0.140152219,7.999304848243031,0.005123295048946844,0.0022981551595342583,-0.0029951212831770286,0.0034721904972193768,16.06305440266927,5.395437502393535
Bird_512,2,1,0.19238341,7.999323755519391,0.003097919652932613,-0.004048547589465111,0.004270790385134219,0.003805752542510648,99.60238138834636,33.49324594136157
Bird_512,2,2,0.299473664,7.9992817711679125,0.00013038156096016173,-0.00048401484855076053,-0.00042696667596269926,0.00034712102849120715,99.60060119628906,33.46755133734809
Bird_512,2,3,0.192097037,7.999318481915026,0.0050682522377619625,-3.7435574221624836e-05,0.011954547181642483,0.005686744997875357,99.60950215657552,33.39080361758962
Bird_512,2,4,0.177990661,7.999304788405712,0.0011055307801971774,-0.002960247728082029,0.0022596564414113893,0.0021084783165635323,99.59462483723958,33.487239663117855
Bird_512,2,5,0.182617516,7.999338859143225,-0.010014607015636098,0.0040937982153512855,-0.008668911782188619,0.007592439004392,99.6167500813802,33.4361670998966
Bird_512,2,6,0.162799951,7.999330736616223,-0.0014481870286135838,-0.001333085328768883,0.009737304798811427,0.004172859052064631,99.61344401041667,33.43497631596585
Bird_512,2,7,0.162090367,7.999351496800586,-0.0033581784921812552,-0.0032795309435467014,0.007925019618276484,0.00485424301800148,99.60899353027344,33.46761366900276
Bird_512,2,8,0.176209952,7.9992764102335565,0.007934212908203168,-0.0001249849466730886,-0.01716220359632551,0.008407133817067257,99.59780375162761,33.4167894350937
Bird_512,2,9,0.18188022,7.999368409075349,0.002392304383233836,0.01090442182288412,-0.005989739846500818,0.006428822017539591,99.59805806477864,33.446458305408754
Bird_512,2,10,0.186601738,7.999335445978677,0.0035160201412755055,0.0012744636162125272,-0.0058767107805438425,0.003555731512677291,99.60085550944011,33.4447908089831
Bird_512,3,1,0.235745833,7.999302203155108,0.001080725080158276,0.0022480451448053007,-0.004200832967374814,0.0025098677307794632,99.6063232421875,33.44409269445082
Bird_512,3,2,0.231286374,7.999298166327658,0.00373941710190035,0.0012774718103630313,0.004507494372999476,0.003174794428420952,99.61051940917969,33.48190806270425
Bird_512,3,3,0.229497966,7.9993113233146245,-0.0034901480516709112,-0.004510503690314248,-8.942643536616016e-05,0.0026966927257837735,99.62005615234375,33.51981568180658
Bird_512,3,4,0.23453312,7.999303276027175,-0.00404278592817314,-0.005297262714709092,0.003304526249184864,0.004214858297355698,99.60403442382812,33.44225615457771
Bird_512,3,5,0.228631567,7.999272366004803,0.010859565362092536,-0.0008925977644917531,-0.0031035590707267032,0.004951907399103664,99.61128234863281,33.46105438431883
Bird_512,3,6,0.235414571,7.999285348804769,0.010766408731903423,-0.008898309123525553,0.008905275543123746,0.009523331132850907,99.6167500813802,33.44786550484452
Bird_512,3,7,0.228158401,7.999244868118651,-0.008100317558769195,-0.010834153422207287,-0.005294287223223158,0.008076252734733213,99.60378011067708,33.454669129614736
Bird_512,3,8,0.226825621,7.999291958033322,-0.002550149148436326,0.003971828780214626,0.0066015749915029585,0.004374517640051303,99.61128234863281,33.426730586033244
Bird_512,3,9,0.226198133,7.999267761321003,-0.01357162989449615,-0.00018261739727132355,-0.0005191623388733207,0.004757803210213598,99.60250854492188,33.45593670614405
Bird_512,3,10,0.229791945,7.999279237435111,0.0009366692559391031,0.004754207320161731,0.0008304891210868717,0.0021737885657292354,99.61001078287761,33.49069483139936
Bird_512,4,1,0.283023129,7.999301658232246,0.0016344340860012033,0.0030631661148750947,0.0010628800941847045,0.0019201600983536676,99.6050516764323,33.46579707525914
Bird_512,4,2,0.286673142,7.999271893050353,0.0075472257991279984,-0.00680730339706749,-0.005086233439700624,0.006480254211965371,99.60962931315105,33.43673207401451
Bird_512,4,3,0.282265193,7.999276081834778,0.00024236561576083658,-0.003336656306800146,-0.0011603430233705437,0.0015797883153105088,99.609375,33.4533611621732
Bird_512,4,4,0.290133263,7.999302546445198,-0.0023247861507944647,-0.0009355851056327296,-0.00032690971400578154,0.0011957603234776586,99.60441589355469,33.474562401865036
Bird_512,4,5,0.295049158,7.999257338298874,-0.004568447664634326,0.0006455302187504131,0.008500447044918624,0.004571474976101121,99.61128234863281,33.457659054425804
Bird_512,4,6,0.277220702,7.9993296775601905,-0.0055983771107680725,0.0008868038549171321,0.0034932284544763625,0.003326136473387189,99.62183634440105,33.53108574362363
Bird_512,4,7,0.286843555,7.999279186421887,0.011742619526980387,0.005426187691207875,0.0005357837403331406,0.005901530319507134,99.60594177246094,33.40401244319342
Bird_512,4,8,0.285089966,7.9993176725263595,0.0017375580473782612,0.0035588992023256826,-0.00044313428597472885,0.0019131971785595577,99.60734049479167,33.45743715373519
Bird_512,4,9,0.288312415,7.99926342015608,-0.0021043191953719993,-0.002837695222429333,0.002595699741438131,0.0025125713864131544,99.60975646972656,33.47671359193092
Bird_512,4,10,0.283374354,7.999294517135469,0.0022907243627889244,0.00431114417369098,-0.003318916938644467,0.003306928491708124,99.6228535970052,33.472676495321444
Mountain_512,1,1,0.127354955,7.999199107328877,0.004055161933281773,0.004137517373116892,-0.0010350568732630622,0.0030759120598872424,97.35081990559895,32.698088502572254
Mountain_512,1,2,0.124098782,7.9993215274107605,0.006080889894413614,-0.0014237328603774076,-0.007353302945161608,0.00495264189998421,98.54151407877605,33.09786378947738
Mountain_512,1,3,0.124387031,7.999314844779863,0.012487648098820617,0.0024881957072945757,0.001520961956162475,0.005498935254092556,63.9306386311849,21.46367590411816
Mountain_512,1,4,0.125460463,7.9992868009374805,-0.002780069901950464,-0.013229924067776294,-0.0009791657904055675,0.005663053253377442,90.07606506347656,30.237393348045597
Mountain_512,1,5,0.122974866,7.99927238272992,-0.0021504222227835884,-0.0010649924968749302,0.0010182269724462428,0.0014112138973682538,51.6516367594401,17.35908807492724
Mountain_512,1,6,0.125203563,7.999283529194284,-0.0002459629552217741,-0.01011245036854965,0.004059730975722196,0.004806048099831206,92.73618062337239,31.15733277563955
Mountain_512,1,7,0.13710634,7.999302668824247,0.011207420415365925,-0.008140266723320647,0.0025467531644065605,0.00729814676769771,12.621943155924479,4.257238051470588
Mountain_512,1,8,0.124168023,7.999310776260429,-0.011442949102019895,0.010079225541355577,-0.0068504506869730974,0.009457541776782857,32.285054524739586,10.85924385419858
Mountain_512,1,9,0.123124371,7.999233703937436,0.009598555733263342,0.005472110164941033,-0.004438469178023866,0.006503045025409414,33.30065409342448,11.174486447003934
Mountain_512,1,10,0.119883747,7.999240825391766,0.002024369208121299,-0.0001246181864851473,-0.00605963885905697,0.002736208751221139,16.059239705403645,5.408094817516851
Mountain_512,2,1,0.175841814,7.999291605171692,-0.00230845435483161,0.003699612049337303,-0.0014236722776875294,0.0024772462272854806,99.6019999186198,33.44816669139987
Mountain_512,2,2,0.175925494,7.999265972174814,0.0020230121968952386,0.0014241372477236216,-0.00959848502713982,0.00434854482391956,99.61090087890625,33.46574820724188
Mountain_512,2,3,0.174370654,7.999243836047447,-0.0022490855616859487,-0.0018227334914034247,0.00036873236711423103,0.0014801838067345346,99.59983825683594,33.489882026622496
Mountain_512,2,4,0.158844731,7.999345027812126,-0.005247214370024666,-0.0068896395974358815,-0.004288776852764456,0.0054752102734083345,99.6198018391927,33.41262368594898
Mountain_512,2,5,0.175092292,7.999281884944717,0.0048833807638504504,-0.0035391594047300182,0.008372267639060122,0.005598269269213529,99.61649576822917,33.48289888668683
Mountain_512,2,6,0.178739043,7.999267534173895,-0.000208337894445864,0.0027989037713963814,-0.0040644607103426005,0.002357234125394949,99.61535135904948,33.480511334986474
Mountain_512,2,7,0.185143387,7.9993130139979,-0.0012063732436037443,0.001285877405473219,0.005564959334304451,0.002685736661127138,99.61077372233073,33.49310980902778
Mountain_512,2,8,0.171529882,7.999257608075925,-0.0013588267479643591,0.004790000691763223,0.008443548230630081,0.004864125223452555,99.59348042805989,33.39435053806679
Mountain_512,2,9,0.175724963,7.999306625194277,-0.010480464429330196,0.010067290613762162,0.0027512320351735474,0.0077663290260886345,99.60784912109375,33.49008747175628
Mountain_512,2,10,0.187082917,7.999276334850857,-0.011350856503124148,-0.011140960909454628,-0.001555643414534385,0.008015820275704386,99.60924784342448,33.466406928168404
Mountain_512,3,1,0.233178731,7.999311326796158,0.00399712663976658,-0.002424393220168771,0.0029540930426621872,0.003125204300865846,99.59983825683594,33.489569371042684
Mountain_512,3,2,0.228881379,7.9993206025049055,-0.011568864826739791,-0.012117888560118181,-0.0010548186911528118,0.008247190692670261,99.60683186848958,33.43372718960631
Mountain_512,3,3,0.229416755,7.999288165145394,-0.005514340494467556,-1.736814503078855e-05,0.00013596328090557797,0.0018892239734679742,99.60060119628906,33.464041815863716
Mountain_512,3,4,0.214882653,7.999340590944258,0.008540343025236522,-0.004306592765798715,-0.01226090247247276,0.008369279421169332,99.59971110026042,33.416501213522515
Mountain_512,3,5,0.23916509,7.999217116996711,-0.00490155258015285,-0.005948755026438494,0.003636655833735634,0.0048289878134423255,99.61331685384114,33.46588583553538
Mountain_512,3,6,0.280768425,7.999224419206609,0.002894586248096969,0.0004908030599691259,0.00027796321669843523,0.0012211175082548432,99.615478515625,33.53271135317734
Mountain_512,3,7,0.236203188,7.999252725025698,-0.009979648716030139,0.0024275982891012837,-0.0018655368246140204,0.0047575946099151474,99.62259928385417,33.51102741715175
Mountain_512,3,8,0.243144002,7.999320982278758,0.0020035725723932,-0.00035112255427348506,0.003939914467300575,0.002098203197989087,99.60530598958333,33.47247055153442
Mountain_512,3,9,0.228744544,7.9993464497812825,0.007964008714978073,-0.004496990860900084,0.004170268149164043,0.005543755908347401,99.60556030273438,33.47065345913756
Mountain_512,3,10,0.202751196,7.999290591481082,-0.002589764772190276,0.00495884212553711,0.005353881566572621,0.004300829488100003,99.60861206054688,33.47902484968596
Mountain_512,4,1,0.286885587,7.999274289667255,-0.01129639847741118,0.002541700089954727,0.001163359853682431,0.005000486140349446,99.61191813151042,33.366449892131335
Mountain_512,4,2,0.292379869,7.9993213654748,0.0089531616694222,0.002808248235530936,0.0005039999793471328,0.004088469961433422,99.60823059082031,33.4851862090865
Mountain_512,4,3,0.297756389,7.999260282612138,0.007505895118526603,-0.001049173478241312,-0.00626333589338825,0.004939468163385388,99.61039225260417,33.44706466774535
Mountain_512,4,4,0.284171436,7.999265114732246,-0.010120807159459197,0.0004851916057374593,0.0034224453324386947,0.0046761480325451165,99.60301717122395,33.39084400850184
Mountain_512,4,5,0.285667899,7.999241628920589,0.0017007887118480232,-3.9285544310210925e-05,-0.007959197496862535,0.0032330905843402564,99.6203104654948,33.47340851827385
Mountain_512,4,6,0.284565137,7.999298038356038,0.009286309890989114,0.005426200118926164,-0.006272009140915844,0.006994839716943708,99.60962931315105,33.44616459865196
Mountain_512,4,7,0.287126576,7.999247834226995,-0.004182596875284717,-0.006836469947496478,0.001987890758160707,0.004335652526980634,99.60085550944011,33.51467955346201
Mountain_512,4,8,0.290115295,7.9992707517245805,-0.00184767418524458,0.00496061970090255,-0.0029760370714821058,0.0032614436525430783,99.6063232421875,33.422878489774824
Mountain_512,4,9,0.293899882,7.999278336279018,-0.002634407180381737,0.00607687159999453,0.0020853881563822284,0.0035988889789194986,99.61280822753906,33.53489744896982
Mountain_512,4,10,0.281981091,7.999284801154921,0.005036566800561177,-0.007179602076346863,-0.0004222305119547315,0.00421279979628759,99.61433410644531,33.443000145207826
Pepper_512,1,1,0.121709325,7.999221999276659,0.005662497060966438,0.011705931537707387,-0.0027200914732903383,0.0066961733573213875,97.35120137532552,32.700713911866835
Pepper_512,1,2,0.112089144,7.9992404676126325,0.01419149644184227,-0.010389031165290297,0.009342561933472182,0.011307696513534917,98.53986104329427,33.130104214537376
Pepper_512,1,3,0.130933412,7.999264578300392,0.0010723954562775462,-0.007070155292677043,-9.523628732698048e-05,0.0027459290120938565,63.9319101969401,21.52123594595716
Pepper_512,1,4,0.120552418,7.999273356049341,0.003780911127243216,-0.00027875128055136,-0.0028774438099050856,0.0023123687392332206,90.08026123046875,30.229925018510006
Pepper_512,1,5,0.122310235,7.999272623597425,0.00041179652734670176,-0.009293749090352734,0.005935147357420032,0.005213564325039823,51.66028340657552,17.37062591353273
Pepper_512,1,6,0.121793389,7.999265620469309,0.011888444823758039,-0.007275436895519659,0.002749289610044507,0.0073043904431074015,92.73999532063802,31.14528581207874
Pepper_512,1,7,0.118606182,7.999355009989458,-0.001327240912507877,0.001593044955039075,-0.0035324461274553673,0.002150910665000773,12.621053059895834,4.2281107185712825
Pepper_512,1,8,0.111881326,7.999318406600772,-0.0005879835743446421,0.00057890741409369,-0.005938389129112872,0.0023684267058504014,32.273101806640625,10.837274688521243
Pepper_512,1,9,0.127341616,7.999294747274916,-0.0086257508825829,0.005007459101555837,-0.011873241971488825,0.008502150651875854,33.3062489827474,11.173031376857383
Pepper_512,1,10,0.1291195,7.99929199241307,-0.007813112935551193,0.0034231296945081906,-0.00384002250694296,0.005025421712334115,16.066233317057293,5.380799037958283
Pepper_512,2,1,0.174241909,7.999301350449142,0.012621996379235547,-0.0014923123584961737,-0.011065801035622672,0.008393369924451465,99.60962931315105,33.444154527452255
Pepper_512,2,2,0.177859134,7.9992799461725035,0.005358890042585284,-0.0026732699433556564,-0.005985007168765277,0.004672389051568739,99.59500630696614,33.43851226607179
Pepper_512,2,3,0.177115162,7.999280368819046,-0.0061546953852467945,-0.006511801432927271,-0.015356592147401335,0.009341029655191799,99.61026509602864,33.4759775797526
Pepper_512,2,4,0.185232181,7.999308773568622,-0.004399715662211587,0.001978719443495426,-0.005391754421757396,0.003923396509154803,99.60568745930989,33.56382731518714
Pepper_512,2,5,0.176708201,7.99929713838594,-0.009307602786434254,0.00476855159318323,0.001089646060188022,0.005055266813268502,99.61802164713542,33.450092988855694
Pepper_512,2,6,0.155641022,7.999267510428022,0.006280630574047788,7.519453834727525e-05,-0.004612480754236858,0.003656101955543974,99.60110982259114,33.4397424436083
Pepper_512,2,7,0.160490995,7.999237519778141,0.0020795178504068625,0.0037808415554993952,-0.01400722039654581,0.006622526600817355,99.609375,33.43943776648029
Pepper_512,2,8,0.296018549,7.999289620583393,-0.010779003548595394,0.00146990759873485,0.004423506464145229,0.005557472537158491,99.60784912109375,33.42840655956393
Pepper_512,2,9,0.175375521,7.999287146909097,0.012566905015370411,-0.001497057995075251,-0.0019175153228476226,0.005327159444431095,99.61802164713542,33.45811881271064
Pepper_512,2,10,0.175883492,7.9993242958618325,-0.006579658551647243,0.006218258866462206,-0.007342989638384524,0.006713635685497991,99.6081034342448,33.40861600988051
Pepper_512,3,1,0.22953951,7.999257873181204,0.00032962554049558064,0.00046046057609328467,0.0021302155151348904,0.000973433877241252,99.6081034342448,33.44253789365681
Pepper_512,3,2,0.24104411,7.999286051963033,-0.00457373690489549,-0.007571836452006744,0.002534820612834893,0.004893464656579042,99.60708618164062,33.48040911107282
Pepper_512,3,3,0.221924408,7.999233445762878,-0.003586402547564867,0.002948822276247407,-0.0006876577698102828,0.0024076275312075192,99.61344401041667,33.46449559030969
Pepper_512,3,4,0.229920295,7.999296835361668,-0.006452132627291403,0.0022968607424458556,-0.0065300537092780366,0.005093015693005098,99.61967468261719,33.47652360504749
Pepper_512,3,5,0.227469365,7.999308598848756,-0.005549208113412547,0.0005514765197554613,-0.007054494794709738,0.004385059809292582,99.60428873697917,33.41139600167867
Pepper_512,3,6,0.218792046,7.9993355320427275,0.002133322530035854,-0.003104761594705937,-0.004371192114608161,0.003203092079783318,99.61585998535156,33.41722974590226
Pepper_512,3,7,0.223918365,7.999256231084625,0.00016014273248812048,-0.0011719282610656197,-0.0016834138360407173,0.001005161609864819,99.60136413574219,33.41346541261361
Pepper_512,3,8,0.221979301,7.999306240327658,0.0005100659000732028,0.007917271646165099,0.002603427825926896,0.0036769217907217325,99.60899353027344,33.498786477481616
Pepper_512,3,9,0.218219298,7.99928288319103,-0.0026353960711191383,0.00019425162036940113,-0.0030859832168518273,0.001971876969446789,99.61967468261719,33.493739608066534
Pepper_512,3,10,0.209027299,7.999208634948038,-0.0062869157499538175,0.0028579459274315554,0.0033681770803711468,0.0041710129192521735,99.60390726725261,33.51922926559947
Pepper_512,4,1,0.281628056,7.999297199739348,-0.0018875637494238935,0.004710240270984598,0.005165883904349061,0.003921229308252518,99.59576924641927,33.486209944182754
Pepper_512,4,2,0.275560343,7.999238969462563,-0.006172010480125503,0.006997905681360934,-0.0015517242455160415,0.004907213469000826,99.60619608561198,33.457411223766854
Pepper_512,4,3,0.301749171,7.999290919467977,-0.016880742796881575,-0.0007043663977174732,-0.004537056609845726,0.007374055268148258,99.61153666178386,33.465100955339814
Pepper_512,4,4,0.292901856,7.999208291330043,0.0050120614041973335,-0.004462424575737081,-0.0038946690764028184,0.0044563850187790775,99.60784912109375,33.45623988731234
Pepper_512,4,5,0.28874487,7.999248656351128,-0.009029898387303155,0.0019346365279559767,-0.005622046362257434,0.005528860425838855,99.60962931315105,33.44012690525429
Pepper_512,4,6,0.296885887,7.9992937048108255,0.002708608225987319,-0.00566894625131515,-0.002208338150917307,0.0035286308760732587,99.61751302083333,33.45929713031045
Pepper_512,4,7,0.28729644,7.999263783828734,-0.0002129929740892564,0.0057363600262914025,-0.007661319306805511,0.004536890769062056,99.6063232421875,33.45655802807777
Pepper_512,4,8,0.292491,7.999349765224127,0.004795679945303291,0.0024621561694084197,0.0045216288926801075,0.003926488335797273,99.61229960123698,33.48141240138633
Pepper_512,4,9,0.279534987,7.999241983023144,-0.007296121296027728,0.0011034574447069177,-0.00024930209654102677,0.002882960279091891,99.60721333821614,33.44900592479831
Pepper_512,4,10,0.260159663,7.99927682536141,-0.003290628015995176,0.004092710912585472,-0.0036808261580799843,0.0036880550288868777,99.60873921712239,33.427978216433054
