image,keyIdx,entropy,rH,rV,rD,r_avg
Baboon,1,7.999305569076506,-0.003196588859926673,0.0025625280762726446,0.00441176562830832,0.0033902941881692127
Baboon,2,7.999282674423988,-0.001362506584393437,-0.006805049904439424,0.0015631209731778214,0.0032435591540035604
Baboon,3,7.999280092839787,-0.002527678758283498,-0.006477279978680135,-0.0023138487647701243,0.0037729358339112524
Baboon,4,7.9993015977144575,-0.006823169664993725,-0.0037651508047362365,0.00562905891772517,0.00540579312915171
Baboon,5,7.999357591614739,-0.01004155509418109,0.00099769635786069,0.00412253392809819,0.005053928460046657
Baboon,6,7.999335325903826,-0.007973511947100066,0.00046100155043476396,0.00894488284872989,0.005793132115421574
Baboon,7,7.99928990812894,-0.002793685972113979,0.010906365483309899,0.002583549583513424,0.0054278670129791
Baboon,8,7.999202125090534,0.0023838706759463516,0.006679100332015075,0.0016231816944773405,0.003562050900812922
Baboon,9,7.999247185786532,-0.002496587438440714,-0.0005478944718559237,0.0005042869106802175,0.0011829229403256185
Baboon,10,7.999266345394438,0.0003988944196433762,-0.005485165589812037,-0.007919746866442734,0.004601268958632716
Boats_512x512,1,7.999339661998491,-0.007560627007522713,-0.0024683348191507025,-0.0013166266195284394,0.0037818628154006177
Boats_512x512,2,7.99926600817145,0.011568602700217616,-0.0011790695989090892,-0.0019471863776414696,0.004898286225589392
Boats_512x512,3,7.999254016359823,0.0027015431484750836,0.009031384093921556,0.004985920638094634,0.005572949293497091
Boats_512x512,4,7.999280871321098,-0.009380828265740488,-0.005545854251740453,-0.006077831123500667,0.007001504546993869
Boats_512x512,5,7.999297400861277,0.004346288857000236,0.01558029563313716,-0.004956270728438067,0.008294285072858489
Boats_512x512,6,7.999305925496926,-0.01134824590278228,0.003834879213043462,0.009915209598180505,0.008366111571335415
Boats_512x512,7,7.999332063847173,0.00034343527664545346,-0.005212964943870739,-0.00833748812524745,0.004631296115254548
Boats_512x512,8,7.999311971668046,-0.006476559587398063,0.004270766925529954,0.003921715723792966,0.004889680745573661
Boats_512x512,9,7.99929782570858,-0.0037363308421880827,-0.006543359056105748,-0.0013512390555000659,0.0038769763179312983
Boats_512x512,10,7.99919329792392,0.0030078961835125124,0.004153946512552534,-0.006002471007358542,0.004388104567807863
airplane,1,7.99936537859541,-0.005626662184192058,-0.0011485083666821906,-0.01565164653561708,0.00747560569549711
airplane,2,7.999297466258505,0.0035101348026602593,-0.0019115633203495117,-0.010097833001147074,0.005173177041385615
airplane,3,7.999307118241059,-0.005387730399320833,-0.00022256318746023454,0.010312525187553307,0.005307606258111458
airplane,4,7.999301652031401,-0.004250690489447676,-0.004355911479380723,0.005843086705778833,0.004816562891535744
airplane,5,7.999363118399704,-0.007523320833567156,-0.0024493811297996598,0.004190543811898379,0.004721081925088398
airplane,6,7.99931853107352,-0.0007400415755344,0.003237572882266351,0.0054764278965503095,0.0031513474514503538
airplane,7,7.9992852447584495,0.0005125144323317794,-0.0009873788356509997,-0.003927611977230044,0.001809168415070941
airplane,8,7.999278056232776,0.0048516548950604,-0.005500355500483649,-0.001483637236461606,0.0039452158773352185
airplane,9,7.999274176638521,-0.00612881098427307,0.002588859676025556,0.013137534586633146,0.007285068415643924
airplane,10,7.999301561814229,-0.0022633721811286187,0.006544816098097067,0.0018545387125645121,0.0035542423305967327
barbara_512x512,1,7.999294091148031,-0.014775321942217765,-0.00017790010011208248,0.006439312888933703,0.00713084497708785
barbara_512x512,2,7.9992585251462485,0.0008913394919187664,-0.004205895125045943,-0.003162145031622826,0.0027531265495291785
barbara_512x512,3,7.999300002110718,0.0018501069219543451,-0.008791615740822809,-0.008469147600650982,0.0063702900878093785
barbara_512x512,4,7.999263608909643,0.003521834285748928,0.0029398715735806866,-0.0020445860768506506,0.0028354306453934213
barbara_512x512,5,7.999294896815005,-0.006132146106542116,-0.007745079607085311,0.0027459812347364336,0.005541068982787954
barbara_512x512,6,7.999280589897899,-0.004046245322003236,0.0037510344287390884,0.002620636842460004,0.0034726388644007763
barbara_512x512,7,7.99933825979999,-0.007029933348396263,0.012505945552635359,0.0077247654805549905,0.00908688146052887
barbara_512x512,8,7.999323203624644,0.003065054993215587,0.006530369968726856,-0.004103659179586126,0.004566361380509523
barbara_512x512,9,7.999305878598392,-0.004273707896006788,-0.00045147575555625044,0.01525685267694551,0.006660678776169516
barbara_512x512,10,7.99926339447175,0.0013948806227272476,-0.014658882063198405,-0.002458758537850249,0.006170840407925301
house,1,7.999257899016745,-0.008683887591399514,0.0002680510190287702,-0.005777544080705373,0.004909827563711219
house,2,7.999222310427181,0.0010415502879219634,0.010181693339038346,-0.0024661061878341957,0.0045631166049315015
house,3,7.999294097081275,0.004808814375275816,0.0023968751160604756,0.0032244580461787448,0.0034767158458383456
house,4,7.99925027709694,-0.004323238470546111,-0.004427682531931056,0.00237070399112988,0.0037072083312023486
house,5,7.999294567953432,0.005883882493756918,-0.003073463775098023,0.017687667766555837,0.008881671345136927
house,6,7.999304014126117,-0.009540754853205638,-0.0007092433228464558,0.008662484545352123,0.0063041609071347385
house,7,7.999292417637808,-0.003905295786338392,-0.002833504861692759,-8.378648091421706e-05,0.002274195709648456
house,8,7.999264971203434,-0.006293666576739843,-0.00064270401674959,0.0057762689749215855,0.004237546522803673
house,9,7.9993169043230585,-0.003694200186179044,-0.0026565826288009204,0.00624714639759314,0.004199309737524369
house,10,7.9992254752160035,0.004264242782451572,-0.004027837444405651,0.0026557207126461,0.0036492669798344414
lena,1,7.999235257480336,0.0030617622186282062,-0.0021563764839987076,-0.0029009793672957625,0.0027063726899742256
lena,2,7.99932166145429,-0.007605865763758902,0.00032921974944889856,-0.008884005692521907,0.005606363735243235
lena,3,7.99934860688213,0.006201072124221191,-0.00419445819588466,-0.00031951995639656236,0.0035716834255008043
lena,4,7.9993299373901126,0.007479030107802337,0.0017941335638955672,-0.005184893822942893,0.004819352498213599
lena,5,7.999232125935843,0.006768074726224736,-0.004829158232133081,0.005791425602972549,0.005796219520443455
lena,6,7.999267472846284,-0.0054281132377072055,0.005087249988603605,-0.011099715882136813,0.007205026369482541
lena,7,7.999350978708075,0.0058742789526087915,-0.01194412406762736,0.001860290183114929,0.006559564401117028
lena,8,7.999275583436596,0.001757003399564397,0.00762028788541981,0.0069611594862372,0.005446150257073803
lena,9,7.999332498449736,-0.006855087359798298,0.0036832312500140896,0.008278340450659527,0.006272219686823972
lena,10,7.999312961130831,-0.011918998435846387,-0.004917538337334903,0.0016784781910864496,0.006171671654755913
monarch_512x512,1,7.999260976051475,-0.0011192827125669654,-0.0015663718408783103,-3.702652509306008e-05,0.0009075603595127786
monarch_512x512,2,7.999290655976366,0.0001299768275559637,-0.002985523842712894,0.001426447180278996,0.0015139826168492846
monarch_512x512,3,7.999345310354729,0.002577522908774516,0.008860863560507425,-2.7140493971903174e-05,0.003821842321084615
monarch_512x512,4,7.999245372743961,-0.00015360268007163363,-0.00023224193149725338,0.0043041513602289925,0.0015633319905992932
monarch_512x512,5,7.999308786027811,0.0014205824375178675,-0.0015670699502399563,0.008738126993272357,0.003908593127010061
monarch_512x512,6,7.999329948345692,0.002778932583288809,0.011824968243051936,0.010076822573385236,0.00822690779990866
monarch_512x512,7,7.99930132992128,0.004339334975667836,-0.008549967412000944,-0.006060691383970526,0.006316664590546435
monarch_512x512,8,7.9993472735465625,0.0010143200106300049,-0.002204150577403473,0.00043175137763125257,0.0012167406552215769
monarch_512x512,9,7.999312466724862,-0.00910243517497166,-0.005784702693291941,-0.004150448397197626,0.006345862088487076
monarch_512x512,10,7.999296166737461,0.004911286185109772,0.008877238072533385,0.006409325189436151,0.00673261648235977
pepper,1,7.99933522980706,-0.0025836066023854367,0.0038872074575567687,0.01008047277020189,0.0055170956100480326
pepper,2,7.999308329287287,-0.008707012578538675,0.0025499669052242977,-0.005527712953516044,0.0055948974790930054
pepper,3,7.999309379976481,0.00497168612751617,-0.0025978102142526186,-0.004017335041928447,0.003862277127899079
pepper,4,7.999279584990575,-0.008123622258272394,0.001393435654616848,0.007223173222923328,0.005580077045270857
pepper,5,7.999296767764552,0.0015511806440018287,0.003925458778524083,0.004708988735985835,0.003395209386170582
pepper,6,7.999288443203713,-0.00019261909305149757,8.062400487546482e-05,-0.0008115757554801959,0.00036160628446905275
pepper,7,7.999260322476887,-0.002976441206791539,0.007372916621853868,0.0004379769108725751,0.003595778246505994
pepper,8,7.999297137417575,-0.00833177860124835,-0.0006654230429138675,0.0036657702259059164,0.004220990623356044
pepper,9,7.999233732727824,0.0009923760935144953,0.02653593182755722,-0.0013395141560029033,0.009622607359024872
pepper,10,7.999267732971499,0.00596702446816122,-0.004171936217552038,-0.002405426202199863,0.004181462295971041
sailboat,1,7.999297206047561,-0.0080043724014551,-0.004942761254932368,-0.006054997819538309,0.0063340438253085924
sailboat,2,7.999310676570221,-0.01582404620111486,-0.008060816786893075,0.00788659066178776,0.010590484549931898
sailboat,3,7.9992557063895795,-0.0001860969306884877,-0.0013613565246143435,0.0003259096822592303,0.0006244543791873538
sailboat,4,7.9992992316658444,-0.00320190526172049,0.0047246280350369,0.006265186582067627,0.004730573292941673
sailboat,5,7.999296390520674,-0.0001711731750194155,-0.004855326318225745,-0.001934306476350221,0.002320268656531794
sailboat,6,7.999373718276028,0.00941140245080692,-0.00793314548308025,0.004038246409439697,0.007127598114442289
sailboat,7,7.9992785048116675,0.00716604292072862,-0.00421448981754343,-0.004947312905774908,0.005442615214682319
sailboat,8,7.999260690829142,-0.006932243938124622,0.005640830489627252,-0.003036821173985504,0.005203298533912459
sailboat,9,7.999317257783488,0.007975599697867089,0.0003151255360619395,0.008015683233687822,0.005435469489205616
sailboat,10,7.999310772330101,0.007449165245583258,-0.00528991615772674,-0.0038818391561656913,0.005540306853158564
tiffany,1,7.999307406967251,-0.0016320327300563889,-0.002370067882654543,-0.011735031805142626,0.005245710805951186
tiffany,2,7.999258426869866,0.00284277409917078,0.0044032501914298425,-0.0031275078006930738,0.003457844030431232
tiffany,3,7.999272461090283,0.011600830425082934,-0.0032401369744895652,-0.002709399793942585,0.005850122397838361
tiffany,4,7.999232224307803,-0.004226002561059505,-0.0030645301191831627,0.0008440984885412676,0.002711543722927978
tiffany,5,7.999300274750385,0.004788785041880415,-0.010881151075391164,0.00754172218729042,0.007737219434854
tiffany,6,7.999359758894421,0.011156625025979887,0.0008828285694975909,-0.0007083320283113904,0.004249261874596289
tiffany,7,7.999328680653491,-0.003765229121765178,0.0035972637584203646,-0.006346476932987652,0.004569656604391064
tiffany,8,7.999294306182961,-0.003417711714144381,0.004300987850938303,0.0044014423959974755,0.004040047320360053
tiffany,9,7.999293433396212,-0.006727411341811765,0.0023479363239513593,0.005264224023080144,0.004779857229614423
tiffany,10,7.999259184171902,-0.0050304535903028585,0.0054140835101381185,0.0035097733547611496,0.004651436818400709
