image,run_index,encrypt_ms,decrypt_ms,keyseed_ms,cipherstage_enc_ms
Airplane,0,1964.114,576.286,1376.387,587.727
Airplane,1,2177.387,514.050,1679.635,497.752
Airplane,2,1933.655,541.981,1411.494,522.161
Airplane,3,2051.243,510.326,1535.204,516.039
Airplane,4,1925.636,493.073,1437.423,488.213
Airplane,5,1972.674,556.658,1456.401,516.272
Airplane,6,1909.581,502.724,1404.156,505.425
Airplane,7,1888.002,491.160,1389.448,498.555
Airplane,8,1911.989,492.264,1402.919,509.071
Airplane,9,1884.934,488.168,1389.832,495.103
Airplane,10,1932.708,504.911,1436.641,496.067
Airplane,11,1970.171,491.252,1466.326,503.845
Airplane,12,1893.937,497.584,1385.964,507.972
Airplane,13,1962.230,498.519,1443.047,519.183
Airplane,14,1887.432,475.859,1409.037,478.395
Airplane,15,1965.173,530.514,1422.918,542.255
Airplane,16,1925.484,519.339,1415.617,509.867
Airplane,17,1889.444,530.668,1358.614,530.830
Airplane,18,1975.582,493.956,1437.795,537.787
Airplane,19,1930.739,521.777,1443.089,487.651
Baboon,0,1913.800,502.027,1398.428,515.372
Baboon,1,2121.353,527.266,1600.845,520.508
Baboon,2,1975.533,606.171,1406.221,569.312
Baboon,3,1942.823,506.344,1425.318,517.505
Baboon,4,1953.429,495.882,1452.832,500.597
Baboon,5,1915.580,511.642,1394.563,521.017
Baboon,6,1917.473,508.695,1407.118,510.355
Baboon,7,1912.233,509.846,1382.709,529.525
Baboon,8,1949.071,524.417,1435.462,513.608
Baboon,9,1953.476,520.762,1415.508,537.968
Baboon,10,1898.152,542.335,1398.752,499.400
Baboon,11,1997.719,556.069,1449.100,548.618
Baboon,12,1996.471,562.897,1418.608,577.863
Baboon,13,2015.482,544.170,1440.053,575.429
Baboon,14,2092.358,540.487,1564.639,527.718
Baboon,15,1888.705,495.534,1385.999,502.707
Baboon,16,1970.156,515.949,1435.196,534.960
Baboon,17,1972.710,522.540,1404.404,568.306
Baboon,18,1939.516,520.446,1428.639,510.877
Baboon,19,1908.221,517.421,1411.328,496.893
Barbara,0,2015.613,509.791,1474.462,541.152
Barbara,1,1928.625,518.980,1392.059,536.566
Barbara,2,1947.881,515.267,1418.491,529.390
Barbara,3,1929.052,519.378,1417.895,511.157
Barbara,4,1901.210,489.123,1404.687,496.524
Barbara,5,1935.549,529.602,1428.784,506.765
Barbara,6,1957.049,517.878,1431.965,525.083
Barbara,7,1899.572,536.154,1377.403,522.169
Barbara,8,1969.191,539.430,1434.933,534.259
Barbara,9,1950.310,516.995,1414.972,535.338
Barbara,10,1946.416,538.354,1439.541,506.876
Barbara,11,1927.751,550.489,1414.253,513.498
Barbara,12,2044.968,629.398,1504.945,540.022
Barbara,13,2108.117,532.818,1506.682,601.434
Barbara,14,1933.806,527.631,1415.614,518.192
Barbara,15,1944.310,518.803,1417.366,526.944
Barbara,16,1917.553,510.553,1404.360,513.194
Barbara,17,1943.476,536.865,1398.406,545.070
Barbara,18,1967.649,518.247,1449.990,517.659
Barbara,19,1981.077,533.625,1461.006,520.071
Boats,0,1901.136,507.621,1388.971,512.165
Boats,1,1906.093,509.774,1411.766,494.326
Boats,2,1934.218,504.202,1403.826,530.392
Boats,3,1929.172,506.215,1418.609,510.563
Boats,4,1933.912,493.716,1439.906,494.006
Boats,5,1939.981,489.586,1446.215,493.766
Boats,6,1914.946,513.792,1395.255,519.692
Boats,7,1934.431,507.478,1401.538,532.893
Boats,8,1980.342,522.237,1441.231,539.111
Boats,9,1937.042,497.945,1422.934,514.107
Boats,10,2017.350,551.927,1443.384,573.966
Boats,11,2036.431,513.080,1491.807,544.624
Boats,12,1925.302,520.634,1374.951,550.351
Boats,13,1952.840,509.255,1438.415,514.425
Boats,14,1894.601,516.703,1401.284,493.316
Boats,15,1883.711,507.932,1379.621,504.090
Boats,16,1948.056,527.519,1422.377,525.679
Boats,17,1943.834,548.634,1405.962,537.873
Boats,18,1928.031,530.082,1414.429,513.602
Boats,19,1930.794,518.068,1415.480,515.313
House,0,1933.249,505.465,1440.748,492.501
House,1,1945.277,521.780,1445.470,499.807
House,2,1954.690,515.026,1440.455,514.234
House,3,1927.270,503.567,1402.130,525.141
House,4,1891.781,511.399,1400.990,490.791
House,5,1922.512,487.977,1433.841,488.671
House,6,1951.410,529.775,1432.859,518.550
House,7,1967.456,520.019,1400.908,566.548
House,8,1974.331,544.491,1452.933,521.398
House,9,2054.338,525.924,1527.251,527.086
House,10,1902.729,511.626,1402.575,500.154
House,11,1933.697,524.392,1405.522,528.174
House,12,1898.636,508.266,1382.892,515.744
House,13,1923.650,505.582,1408.286,515.364
House,14,1877.453,500.723,1390.585,486.868
House,15,1904.143,496.589,1406.946,497.197
House,16,1910.215,514.734,1408.273,501.942
House,17,1971.822,522.146,1442.247,529.576
House,18,1948.501,510.204,1433.123,515.378
House,19,1922.562,490.375,1426.394,496.168
Lena,0,1906.564,527.227,1386.577,519.986
Lena,1,1893.725,516.445,1371.831,521.893
Lena,2,1984.637,529.349,1450.481,534.155
Lena,3,1962.133,562.386,1422.757,539.376
Lena,4,1938.519,517.159,1427.809,510.710
Lena,5,1974.211,527.306,1444.058,530.153
Lena,6,1971.405,525.677,1432.743,538.662
Lena,7,2004.127,582.776,1450.890,553.237
Lena,8,2010.521,516.656,1481.954,528.567
Lena,9,1873.444,533.468,1376.413,497.031
Lena,10,1925.171,524.361,1403.913,521.258
Lena,11,1946.980,528.667,1416.129,530.851
Lena,12,1911.858,534.952,1380.340,531.518
Lena,13,1970.082,534.641,1440.024,530.059
Lena,14,1926.194,519.075,1396.732,529.462
Lena,15,1961.129,545.836,1411.367,549.761
Lena,16,1979.784,517.367,1451.850,527.934
Lena,17,1992.229,517.277,1451.041,541.188
Lena,18,1980.304,532.503,1447.685,532.619
Lena,19,1981.764,546.756,1439.652,542.112
Monarch,0,1911.007,521.278,1399.647,511.360
Monarch,1,1901.939,503.873,1400.661,501.278
Monarch,2,1909.965,490.183,1402.930,507.035
Monarch,3,1931.371,504.177,1424.008,507.363
Monarch,4,1904.592,495.085,1426.724,477.868
Monarch,5,1947.151,498.617,1428.684,518.467
Monarch,6,2045.061,524.153,1502.473,542.588
Monarch,7,1864.152,489.912,1362.031,502.121
Monarch,8,1896.041,527.072,1386.929,509.112
Monarch,9,1939.782,501.399,1452.670,487.112
Monarch,10,1908.229,492.266,1405.019,503.209
Monarch,11,1896.709,509.257,1405.935,490.775
Monarch,12,1901.225,507.482,1387.762,513.463
Monarch,13,1917.403,490.436,1421.804,495.600
Monarch,14,1985.734,519.220,1462.400,523.334
Monarch,15,1881.473,501.497,1391.418,490.055
Monarch,16,2001.886,522.634,1473.356,528.530
Monarch,17,1957.773,524.289,1442.175,515.599
Monarch,18,2050.999,558.591,1487.739,563.260
Monarch,19,1976.034,514.666,1466.711,509.323
Pepper,0,1943.291,531.064,1413.272,530.020
Pepper,1,1900.692,518.821,1391.593,509.099
Pepper,2,2007.574,511.855,1466.390,541.184
Pepper,3,1964.030,510.212,1425.016,539.013
Pepper,4,1933.997,527.013,1412.036,521.960
Pepper,5,1945.146,499.263,1443.431,501.715
Pepper,6,1887.551,519.077,1387.825,499.726
Pepper,7,1910.060,513.391,1377.513,532.547
Pepper,8,1988.737,516.868,1433.797,554.939
Pepper,9,1919.029,491.613,1408.591,510.438
Pepper,10,1849.667,491.357,1361.420,488.247
Pepper,11,1902.128,518.749,1389.881,512.247
Pepper,12,1904.403,522.233,1380.111,524.292
Pepper,13,1968.938,512.314,1426.503,542.435
Pepper,14,1907.489,525.283,1388.675,518.814
Pepper,15,1882.168,506.069,1372.453,509.715
Pepper,16,1980.561,545.441,1449.257,531.304
Pepper,17,2043.942,519.093,1516.579,527.364
Pepper,18,1932.068,537.989,1405.814,526.254
Pepper,19,1916.311,526.108,1408.076,508.235
Sailboat,0,1921.454,501.295,1399.294,522.160
Sailboat,1,1939.279,500.739,1449.883,489.396
Sailboat,2,1923.877,496.047,1420.118,503.759
Sailboat,3,2007.768,515.040,1469.915,537.854
Sailboat,4,1887.953,490.278,1392.727,495.226
Sailboat,5,1919.190,501.277,1430.170,489.020
Sailboat,6,1952.050,481.937,1463.603,488.447
Sailboat,7,1949.279,515.538,1428.086,521.193
Sailboat,8,1883.962,488.153,1392.911,491.051
Sailboat,9,1859.238,491.002,1375.734,483.504
Sailboat,10,1958.196,492.943,1434.808,523.388
Sailboat,11,1890.558,516.098,1395.683,494.875
Sailboat,12,1890.659,489.086,1393.527,497.132
Sailboat,13,1943.885,526.599,1406.828,537.058
Sailboat,14,1916.768,495.321,1426.780,489.988
Sailboat,15,1867.275,481.708,1376.863,490.412
Sailboat,16,1977.907,496.573,1456.579,521.328
Sailboat,17,1891.508,507.796,1374.221,517.288
Sailboat,18,1952.988,500.254,1424.329,528.659
Sailboat,19,1883.294,509.620,1395.923,487.370
Tiffany,0,1980.954,549.928,1443.238,537.716
Tiffany,1,1975.897,560.161,1444.685,531.212
Tiffany,2,2060.408,541.359,1496.508,563.900
Tiffany,3,1989.615,548.086,1458.718,530.897
Tiffany,4,1958.299,556.600,1442.248,516.051
Tiffany,5,1904.027,524.140,1377.845,526.182
Tiffany,6,1995.265,538.340,1441.028,554.237
Tiffany,7,1907.141,509.205,1385.062,522.079
Tiffany,8,1928.287,533.788,1377.452,550.836
Tiffany,9,1907.074,504.990,1413.976,493.098
Tiffany,10,1897.758,506.255,1391.997,505.761
Tiffany,11,1898.409,528.109,1391.506,506.903
Tiffany,12,1992.360,557.912,1449.684,542.677
Tiffany,13,1958.685,550.637,1426.777,531.908
Tiffany,14,2034.161,513.583,1504.672,529.489
Tiffany,15,1892.955,535.468,1370.371,522.584
Tiffany,16,1924.994,535.733,1396.749,528.245
Tiffany,17,1887.821,508.285,1370.736,517.085
Tiffany,18,1952.276,536.884,1412.896,539.380
Tiffany,19,1906.521,520.499,1402.173,504.348
